Function,HashedStrings,Collisions
RSHash,1000,0
RSHash,2000,0
RSHash,3000,0
RSHash,4000,0
RSHash,5000,0
RSHash,6000,0
RSHash,7000,0
RSHash,8000,0
RSHash,9000,0
RSHash,10000,0
RSHash,11000,0
RSHash,12000,0
RSHash,13000,0
RSHash,14000,0
RSHash,15000,0
RSHash,16000,0
RSHash,17000,0
RSHash,18000,0
RSHash,19000,0
RSHash,20000,0
RSHash,21000,0
RSHash,22000,0
RSHash,23000,0
RSHash,24000,0
RSHash,25000,0
RSHash,26000,0
RSHash,27000,0
RSHash,28000,0
RSHash,29000,0
RSHash,30000,0
RSHash,31000,0
RSHash,32000,0
RSHash,33000,0
RSHash,34000,0
RSHash,35000,0
RSHash,36000,0
RSHash,37000,0
RSHash,38000,0
RSHash,39000,0
RSHash,40000,0
RSHash,41000,0
RSHash,42000,0
RSHash,43000,0
RSHash,44000,0
RSHash,45000,0
RSHash,46000,0
RSHash,47000,0
RSHash,48000,0
RSHash,49000,0
RSHash,50000,0
RSHash,51000,0
RSHash,52000,0
RSHash,53000,0
RSHash,54000,0
RSHash,55000,0
RSHash,56000,0
RSHash,57000,0
RSHash,58000,0
RSHash,59000,0
RSHash,60000,0
RSHash,61000,0
RSHash,62000,0
RSHash,63000,0
RSHash,64000,0
RSHash,65000,0
RSHash,66000,0
RSHash,67000,0
RSHash,68000,0
RSHash,69000,0
RSHash,70000,0
RSHash,71000,0
RSHash,72000,0
RSHash,73000,0
RSHash,74000,0
RSHash,75000,0
RSHash,76000,0
RSHash,77000,0
RSHash,78000,0
RSHash,79000,1
RSHash,80000,1
RSHash,81000,1
RSHash,82000,1
RSHash,83000,1
RSHash,84000,1
RSHash,85000,1
RSHash,86000,1
RSHash,87000,1
RSHash,88000,1
RSHash,89000,1
RSHash,90000,1
RSHash,91000,1
RSHash,92000,1
RSHash,93000,1
RSHash,94000,1
RSHash,95000,1
RSHash,96000,1
RSHash,97000,1
RSHash,98000,1
RSHash,99000,1
RSHash,100000,1
JSHash,1000,0
JSHash,2000,0
JSHash,3000,0
JSHash,4000,0
JSHash,5000,0
JSHash,6000,0
JSHash,7000,0
JSHash,8000,0
JSHash,9000,0
JSHash,10000,0
JSHash,11000,0
JSHash,12000,0
JSHash,13000,0
JSHash,14000,0
JSHash,15000,0
JSHash,16000,0
JSHash,17000,0
JSHash,18000,0
JSHash,19000,0
JSHash,20000,0
JSHash,21000,0
JSHash,22000,0
JSHash,23000,0
JSHash,24000,0
JSHash,25000,0
JSHash,26000,0
JSHash,27000,0
JSHash,28000,0
JSHash,29000,0
JSHash,30000,0
JSHash,31000,0
JSHash,32000,0
JSHash,33000,0
JSHash,34000,0
JSHash,35000,0
JSHash,36000,0
JSHash,37000,0
JSHash,38000,0
JSHash,39000,0
JSHash,40000,0
JSHash,41000,0
JSHash,42000,0
JSHash,43000,0
JSHash,44000,0
JSHash,45000,0
JSHash,46000,0
JSHash,47000,0
JSHash,48000,0
JSHash,49000,0
JSHash,50000,0
JSHash,51000,0
JSHash,52000,0
JSHash,53000,0
JSHash,54000,0
JSHash,55000,0
JSHash,56000,0
JSHash,57000,0
JSHash,58000,0
JSHash,59000,0
JSHash,60000,0
JSHash,61000,0
JSHash,62000,0
JSHash,63000,0
JSHash,64000,0
JSHash,65000,0
JSHash,66000,0
JSHash,67000,0
JSHash,68000,0
JSHash,69000,0
JSHash,70000,0
JSHash,71000,0
JSHash,72000,0
JSHash,73000,0
JSHash,74000,0
JSHash,75000,0
JSHash,76000,0
JSHash,77000,0
JSHash,78000,0
JSHash,79000,0
JSHash,80000,0
JSHash,81000,0
JSHash,82000,0
JSHash,83000,0
JSHash,84000,0
JSHash,85000,0
JSHash,86000,0
JSHash,87000,0
JSHash,88000,0
JSHash,89000,0
JSHash,90000,0
JSHash,91000,0
JSHash,92000,0
JSHash,93000,0
JSHash,94000,0
JSHash,95000,0
JSHash,96000,0
JSHash,97000,0
JSHash,98000,0
JSHash,99000,0
JSHash,100000,0
PJWHash,1000,0
PJWHash,2000,0
PJWHash,3000,0
PJWHash,4000,0
PJWHash,5000,0
PJWHash,6000,0
PJWHash,7000,0
PJWHash,8000,0
PJWHash,9000,0
PJWHash,10000,0
PJWHash,11000,0
PJWHash,12000,0
PJWHash,13000,0
PJWHash,14000,0
PJWHash,15000,0
PJWHash,16000,0
PJWHash,17000,0
PJWHash,18000,0
PJWHash,19000,0
PJWHash,20000,0
PJWHash,21000,0
PJWHash,22000,0
PJWHash,23000,0
PJWHash,24000,0
PJWHash,25000,0
PJWHash,26000,0
PJWHash,27000,0
PJWHash,28000,0
PJWHash,29000,0
PJWHash,30000,0
PJWHash,31000,1
PJWHash,32000,1
PJWHash,33000,1
PJWHash,34000,1
PJWHash,35000,2
PJWHash,36000,2
PJWHash,37000,2
PJWHash,38000,2
PJWHash,39000,3
PJWHash,40000,3
PJWHash,41000,3
PJWHash,42000,3
PJWHash,43000,3
PJWHash,44000,3
PJWHash,45000,4
PJWHash,46000,4
PJWHash,47000,4
PJWHash,48000,4
PJWHash,49000,4
PJWHash,50000,4
PJWHash,51000,4
PJWHash,52000,4
PJWHash,53000,5
PJWHash,54000,5
PJWHash,55000,6
PJWHash,56000,6
PJWHash,57000,6
PJWHash,58000,6
PJWHash,59000,6
PJWHash,60000,6
PJWHash,61000,6
PJWHash,62000,6
PJWHash,63000,6
PJWHash,64000,6
PJWHash,65000,6
PJWHash,66000,6
PJWHash,67000,6
PJWHash,68000,6
PJWHash,69000,6
PJWHash,70000,7
PJWHash,71000,8
PJWHash,72000,9
PJWHash,73000,9
PJWHash,74000,11
PJWHash,75000,12
PJWHash,76000,13
PJWHash,77000,13
PJWHash,78000,13
PJWHash,79000,14
PJWHash,80000,14
PJWHash,81000,15
PJWHash,82000,16
PJWHash,83000,17
PJWHash,84000,17
PJWHash,85000,18
PJWHash,86000,18
PJWHash,87000,18
PJWHash,88000,18
PJWHash,89000,18
PJWHash,90000,18
PJWHash,91000,18
PJWHash,92000,18
PJWHash,93000,19
PJWHash,94000,19
PJWHash,95000,21
PJWHash,96000,21
PJWHash,97000,21
PJWHash,98000,21
PJWHash,99000,21
PJWHash,100000,22
ELFHash,1000,0
ELFHash,2000,0
ELFHash,3000,0
ELFHash,4000,0
ELFHash,5000,0
ELFHash,6000,0
ELFHash,7000,0
ELFHash,8000,0
ELFHash,9000,0
ELFHash,10000,0
ELFHash,11000,0
ELFHash,12000,0
ELFHash,13000,0
ELFHash,14000,0
ELFHash,15000,0
ELFHash,16000,0
ELFHash,17000,0
ELFHash,18000,0
ELFHash,19000,0
ELFHash,20000,0
ELFHash,21000,0
ELFHash,22000,0
ELFHash,23000,0
ELFHash,24000,0
ELFHash,25000,0
ELFHash,26000,0
ELFHash,27000,0
ELFHash,28000,0
ELFHash,29000,0
ELFHash,30000,0
ELFHash,31000,1
ELFHash,32000,1
ELFHash,33000,1
ELFHash,34000,1
ELFHash,35000,2
ELFHash,36000,2
ELFHash,37000,2
ELFHash,38000,2
ELFHash,39000,3
ELFHash,40000,3
ELFHash,41000,3
ELFHash,42000,3
ELFHash,43000,3
ELFHash,44000,3
ELFHash,45000,4
ELFHash,46000,4
ELFHash,47000,4
ELFHash,48000,4
ELFHash,49000,4
ELFHash,50000,4
ELFHash,51000,4
ELFHash,52000,4
ELFHash,53000,5
ELFHash,54000,5
ELFHash,55000,6
ELFHash,56000,6
ELFHash,57000,6
ELFHash,58000,6
ELFHash,59000,6
ELFHash,60000,6
ELFHash,61000,6
ELFHash,62000,6
ELFHash,63000,6
ELFHash,64000,6
ELFHash,65000,6
ELFHash,66000,6
ELFHash,67000,6
ELFHash,68000,6
ELFHash,69000,6
ELFHash,70000,7
ELFHash,71000,8
ELFHash,72000,9
ELFHash,73000,9
ELFHash,74000,11
ELFHash,75000,12
ELFHash,76000,13
ELFHash,77000,13
ELFHash,78000,13
ELFHash,79000,14
ELFHash,80000,14
ELFHash,81000,15
ELFHash,82000,16
ELFHash,83000,17
ELFHash,84000,17
ELFHash,85000,18
ELFHash,86000,18
ELFHash,87000,18
ELFHash,88000,18
ELFHash,89000,18
ELFHash,90000,18
ELFHash,91000,18
ELFHash,92000,18
ELFHash,93000,19
ELFHash,94000,19
ELFHash,95000,21
ELFHash,96000,21
ELFHash,97000,21
ELFHash,98000,21
ELFHash,99000,21
ELFHash,100000,22
BKDRHash,1000,0
BKDRHash,2000,0
BKDRHash,3000,0
BKDRHash,4000,0
BKDRHash,5000,0
BKDRHash,6000,0
BKDRHash,7000,0
BKDRHash,8000,0
BKDRHash,9000,0
BKDRHash,10000,0
BKDRHash,11000,0
BKDRHash,12000,0
BKDRHash,13000,0
BKDRHash,14000,0
BKDRHash,15000,0
BKDRHash,16000,0
BKDRHash,17000,0
BKDRHash,18000,0
BKDRHash,19000,0
BKDRHash,20000,0
BKDRHash,21000,0
BKDRHash,22000,0
BKDRHash,23000,0
BKDRHash,24000,0
BKDRHash,25000,0
BKDRHash,26000,0
BKDRHash,27000,0
BKDRHash,28000,0
BKDRHash,29000,0
BKDRHash,30000,0
BKDRHash,31000,0
BKDRHash,32000,0
BKDRHash,33000,0
BKDRHash,34000,0
BKDRHash,35000,0
BKDRHash,36000,0
BKDRHash,37000,0
BKDRHash,38000,0
BKDRHash,39000,0
BKDRHash,40000,0
BKDRHash,41000,0
BKDRHash,42000,0
BKDRHash,43000,0
BKDRHash,44000,0
BKDRHash,45000,0
BKDRHash,46000,0
BKDRHash,47000,0
BKDRHash,48000,0
BKDRHash,49000,0
BKDRHash,50000,0
BKDRHash,51000,0
BKDRHash,52000,0
BKDRHash,53000,0
BKDRHash,54000,0
BKDRHash,55000,0
BKDRHash,56000,0
BKDRHash,57000,0
BKDRHash,58000,0
BKDRHash,59000,0
BKDRHash,60000,0
BKDRHash,61000,0
BKDRHash,62000,0
BKDRHash,63000,0
BKDRHash,64000,0
BKDRHash,65000,0
BKDRHash,66000,0
BKDRHash,67000,0
BKDRHash,68000,0
BKDRHash,69000,1
BKDRHash,70000,1
BKDRHash,71000,1
BKDRHash,72000,1
BKDRHash,73000,1
BKDRHash,74000,1
BKDRHash,75000,1
BKDRHash,76000,1
BKDRHash,77000,1
BKDRHash,78000,1
BKDRHash,79000,1
BKDRHash,80000,1
BKDRHash,81000,1
BKDRHash,82000,1
BKDRHash,83000,1
BKDRHash,84000,1
BKDRHash,85000,1
BKDRHash,86000,1
BKDRHash,87000,1
BKDRHash,88000,1
BKDRHash,89000,1
BKDRHash,90000,1
BKDRHash,91000,1
BKDRHash,92000,1
BKDRHash,93000,1
BKDRHash,94000,1
BKDRHash,95000,1
BKDRHash,96000,1
BKDRHash,97000,1
BKDRHash,98000,1
BKDRHash,99000,1
BKDRHash,100000,1
SDBMHash,1000,0
SDBMHash,2000,0
SDBMHash,3000,0
SDBMHash,4000,0
SDBMHash,5000,0
SDBMHash,6000,0
SDBMHash,7000,0
SDBMHash,8000,0
SDBMHash,9000,0
SDBMHash,10000,0
SDBMHash,11000,0
SDBMHash,12000,0
SDBMHash,13000,0
SDBMHash,14000,0
SDBMHash,15000,0
SDBMHash,16000,0
SDBMHash,17000,0
SDBMHash,18000,0
SDBMHash,19000,0
SDBMHash,20000,0
SDBMHash,21000,0
SDBMHash,22000,0
SDBMHash,23000,0
SDBMHash,24000,0
SDBMHash,25000,0
SDBMHash,26000,0
SDBMHash,27000,0
SDBMHash,28000,0
SDBMHash,29000,0
SDBMHash,30000,0
SDBMHash,31000,0
SDBMHash,32000,0
SDBMHash,33000,0
SDBMHash,34000,0
SDBMHash,35000,0
SDBMHash,36000,0
SDBMHash,37000,0
SDBMHash,38000,0
SDBMHash,39000,0
SDBMHash,40000,0
SDBMHash,41000,0
SDBMHash,42000,0
SDBMHash,43000,0
SDBMHash,44000,0
SDBMHash,45000,0
SDBMHash,46000,0
SDBMHash,47000,0
SDBMHash,48000,0
SDBMHash,49000,0
SDBMHash,50000,1
SDBMHash,51000,1
SDBMHash,52000,1
SDBMHash,53000,1
SDBMHash,54000,1
SDBMHash,55000,1
SDBMHash,56000,1
SDBMHash,57000,1
SDBMHash,58000,1
SDBMHash,59000,1
SDBMHash,60000,1
SDBMHash,61000,1
SDBMHash,62000,1
SDBMHash,63000,1
SDBMHash,64000,1
SDBMHash,65000,1
SDBMHash,66000,1
SDBMHash,67000,1
SDBMHash,68000,1
SDBMHash,69000,1
SDBMHash,70000,1
SDBMHash,71000,1
SDBMHash,72000,1
SDBMHash,73000,1
SDBMHash,74000,1
SDBMHash,75000,1
SDBMHash,76000,1
SDBMHash,77000,1
SDBMHash,78000,1
SDBMHash,79000,1
SDBMHash,80000,1
SDBMHash,81000,1
SDBMHash,82000,1
SDBMHash,83000,1
SDBMHash,84000,1
SDBMHash,85000,1
SDBMHash,86000,1
SDBMHash,87000,1
SDBMHash,88000,1
SDBMHash,89000,1
SDBMHash,90000,1
SDBMHash,91000,1
SDBMHash,92000,1
SDBMHash,93000,1
SDBMHash,94000,1
SDBMHash,95000,1
SDBMHash,96000,1
SDBMHash,97000,1
SDBMHash,98000,1
SDBMHash,99000,1
SDBMHash,100000,1
DJBHash,1000,0
DJBHash,2000,0
DJBHash,3000,0
DJBHash,4000,0
DJBHash,5000,0
DJBHash,6000,0
DJBHash,7000,0
DJBHash,8000,0
DJBHash,9000,0
DJBHash,10000,0
DJBHash,11000,0
DJBHash,12000,0
DJBHash,13000,0
DJBHash,14000,0
DJBHash,15000,0
DJBHash,16000,0
DJBHash,17000,0
DJBHash,18000,0
DJBHash,19000,0
DJBHash,20000,0
DJBHash,21000,0
DJBHash,22000,0
DJBHash,23000,0
DJBHash,24000,0
DJBHash,25000,0
DJBHash,26000,0
DJBHash,27000,0
DJBHash,28000,0
DJBHash,29000,0
DJBHash,30000,0
DJBHash,31000,0
DJBHash,32000,0
DJBHash,33000,0
DJBHash,34000,0
DJBHash,35000,0
DJBHash,36000,0
DJBHash,37000,0
DJBHash,38000,0
DJBHash,39000,0
DJBHash,40000,0
DJBHash,41000,0
DJBHash,42000,0
DJBHash,43000,0
DJBHash,44000,0
DJBHash,45000,0
DJBHash,46000,0
DJBHash,47000,0
DJBHash,48000,0
DJBHash,49000,0
DJBHash,50000,0
DJBHash,51000,0
DJBHash,52000,0
DJBHash,53000,0
DJBHash,54000,0
DJBHash,55000,1
DJBHash,56000,1
DJBHash,57000,1
DJBHash,58000,1
DJBHash,59000,1
DJBHash,60000,1
DJBHash,61000,1
DJBHash,62000,1
DJBHash,63000,1
DJBHash,64000,1
DJBHash,65000,1
DJBHash,66000,1
DJBHash,67000,1
DJBHash,68000,1
DJBHash,69000,1
DJBHash,70000,1
DJBHash,71000,1
DJBHash,72000,1
DJBHash,73000,1
DJBHash,74000,1
DJBHash,75000,1
DJBHash,76000,1
DJBHash,77000,1
DJBHash,78000,1
DJBHash,79000,1
DJBHash,80000,1
DJBHash,81000,1
DJBHash,82000,1
DJBHash,83000,1
DJBHash,84000,1
DJBHash,85000,1
DJBHash,86000,1
DJBHash,87000,1
DJBHash,88000,1
DJBHash,89000,1
DJBHash,90000,1
DJBHash,91000,1
DJBHash,92000,1
DJBHash,93000,1
DJBHash,94000,1
DJBHash,95000,1
DJBHash,96000,1
DJBHash,97000,1
DJBHash,98000,1
DJBHash,99000,1
DJBHash,100000,1
DEKHash,1000,0
DEKHash,2000,0
DEKHash,3000,0
DEKHash,4000,0
DEKHash,5000,0
DEKHash,6000,0
DEKHash,7000,0
DEKHash,8000,0
DEKHash,9000,0
DEKHash,10000,0
DEKHash,11000,0
DEKHash,12000,0
DEKHash,13000,0
DEKHash,14000,0
DEKHash,15000,0
DEKHash,16000,0
DEKHash,17000,0
DEKHash,18000,0
DEKHash,19000,0
DEKHash,20000,0
DEKHash,21000,0
DEKHash,22000,0
DEKHash,23000,0
DEKHash,24000,0
DEKHash,25000,0
DEKHash,26000,0
DEKHash,27000,0
DEKHash,28000,0
DEKHash,29000,0
DEKHash,30000,0
DEKHash,31000,0
DEKHash,32000,0
DEKHash,33000,0
DEKHash,34000,0
DEKHash,35000,0
DEKHash,36000,0
DEKHash,37000,0
DEKHash,38000,0
DEKHash,39000,0
DEKHash,40000,0
DEKHash,41000,0
DEKHash,42000,0
DEKHash,43000,0
DEKHash,44000,0
DEKHash,45000,0
DEKHash,46000,0
DEKHash,47000,0
DEKHash,48000,0
DEKHash,49000,0
DEKHash,50000,0
DEKHash,51000,0
DEKHash,52000,0
DEKHash,53000,0
DEKHash,54000,0
DEKHash,55000,0
DEKHash,56000,0
DEKHash,57000,0
DEKHash,58000,0
DEKHash,59000,0
DEKHash,60000,0
DEKHash,61000,0
DEKHash,62000,0
DEKHash,63000,0
DEKHash,64000,0
DEKHash,65000,0
DEKHash,66000,0
DEKHash,67000,1
DEKHash,68000,1
DEKHash,69000,1
DEKHash,70000,1
DEKHash,71000,1
DEKHash,72000,1
DEKHash,73000,1
DEKHash,74000,1
DEKHash,75000,1
DEKHash,76000,1
DEKHash,77000,2
DEKHash,78000,2
DEKHash,79000,3
DEKHash,80000,3
DEKHash,81000,3
DEKHash,82000,3
DEKHash,83000,3
DEKHash,84000,3
DEKHash,85000,3
DEKHash,86000,3
DEKHash,87000,3
DEKHash,88000,3
DEKHash,89000,3
DEKHash,90000,3
DEKHash,91000,3
DEKHash,92000,3
DEKHash,93000,3
DEKHash,94000,3
DEKHash,95000,3
DEKHash,96000,3
DEKHash,97000,3
DEKHash,98000,3
DEKHash,99000,3
DEKHash,100000,3
APHash,1000,0
APHash,2000,0
APHash,3000,0
APHash,4000,0
APHash,5000,0
APHash,6000,0
APHash,7000,0
APHash,8000,0
APHash,9000,0
APHash,10000,0
APHash,11000,0
APHash,12000,0
APHash,13000,0
APHash,14000,0
APHash,15000,0
APHash,16000,0
APHash,17000,0
APHash,18000,0
APHash,19000,0
APHash,20000,0
APHash,21000,0
APHash,22000,0
APHash,23000,0
APHash,24000,0
APHash,25000,0
APHash,26000,0
APHash,27000,0
APHash,28000,0
APHash,29000,0
APHash,30000,0
APHash,31000,0
APHash,32000,0
APHash,33000,0
APHash,34000,0
APHash,35000,0
APHash,36000,0
APHash,37000,0
APHash,38000,0
APHash,39000,0
APHash,40000,0
APHash,41000,0
APHash,42000,0
APHash,43000,0
APHash,44000,0
APHash,45000,0
APHash,46000,0
APHash,47000,0
APHash,48000,0
APHash,49000,0
APHash,50000,0
APHash,51000,0
APHash,52000,0
APHash,53000,0
APHash,54000,0
APHash,55000,0
APHash,56000,0
APHash,57000,0
APHash,58000,0
APHash,59000,0
APHash,60000,0
APHash,61000,0
APHash,62000,0
APHash,63000,0
APHash,64000,0
APHash,65000,0
APHash,66000,0
APHash,67000,0
APHash,68000,0
APHash,69000,0
APHash,70000,0
APHash,71000,0
APHash,72000,0
APHash,73000,0
APHash,74000,0
APHash,75000,0
APHash,76000,0
APHash,77000,0
APHash,78000,0
APHash,79000,0
APHash,80000,0
APHash,81000,0
APHash,82000,0
APHash,83000,0
APHash,84000,0
APHash,85000,0
APHash,86000,0
APHash,87000,0
APHash,88000,0
APHash,89000,0
APHash,90000,0
APHash,91000,0
APHash,92000,0
APHash,93000,0
APHash,94000,0
APHash,95000,0
APHash,96000,0
APHash,97000,0
APHash,98000,0
APHash,99000,0
APHash,100000,0
